PropertyName,PropertySubName,Link,TopFacilitiesStr
Smartworld One DXP, sector 113,https://www.99acres.com/smartworld-one-dxp-sector-113-gurgaon-npxid-r400415,"['Swimming Pool', 'Salon', 'Restaurant', 'Spa', 'Cafeteria', 'Sun Deck', '24x7 Security', 'Club House', 'Gated Community']"
M3M Crown, sector 111,https://www.99acres.com/m3m-crown-sector-111-gurgaon-npxid-r404068,"['Bowling Alley', 'Mini Theatre', 'Manicured Garden', 'Swimming Pool', 'Flower Garden', 'Reading Lounge', 'Golf Course', 'Barbecue', 'Sauna']"
Adani Brahma Samsara Vilasa,dependent floor ,https://www.99acres.com/adani-brahma-samsara-vilasa-sector-63-gurgaon-npxid-r327995,"['Terrace Garden', 'Gazebo', 'Fountain', 'Amphitheatre', 'Party Lawn', 'Basketball Court', 'Badminton Court', 'Yoga/Meditation Area', 'Indoor Games']"
Sobha City, sector 108,https://www.99acres.com/sobha-city-sector-108-gurgaon-npxid-r256111,"['Swimming Pool', 'Volley Ball Court', 'Aerobics Centre', 'Card Room', 'Barbecue', 'Sauna', 'Steam Room', 'Creche/Day care', 'Skating Rink']"
Signature Global City 93,dependent floor ,https://www.99acres.com/signature-global-city-93-sector-93-gurgaon-npxid-r404456,"['Mini Theatre', 'Doctor on Call', 'Concierge Service', 'Swimming Pool', 'Bar/Chill-Out Lounge', 'Laundry', 'Flower Garden', 'Reflexology Park', 'Salon']"
Whiteland The Aspen, sector 76,https://www.99acres.com/whiteland-the-aspen-sector-76-gurgaon-npxid-r403309,"['Reflexology Park', 'Card Room', 'High Speed Elevators', 'Sauna', 'Jacuzzi', 'Spa', 'Entrance Lobby', 'Yoga/Meditation Area', 'Club House']"
Bestech Altura, sector 79,https://www.99acres.com/bestech-altura-sector-79-gurgaon-npxid-r262010,"['Swimming Pool', 'Football', 'Flower Garden', 'Reading Lounge', 'School', 'Pergola', 'Skating Rink', 'Grocery Shop', 'Squash Court']"
Elan The Presidential, sector 106,https://www.99acres.com/elan-the-presidential-sector-106-gurgaon-npxid-r400451,"['Swimming Pool', 'Aerobics Centre', 'Shopping Centre', 'Video Door Security', 'Amphitheatre', 'Yoga/Meditation Area', 'CCTV Camera Security', 'Jogging Track', '24x7 Security']"
Signature Global City 92,dependent floor ,https://www.99acres.com/signature-global-city-92-sector-92-gurgaon-npxid-r379657,"['Swimming Pool', 'Reflexology Park', 'Terrace Garden', 'Waiting Lounge', 'Jacuzzi', 'Skating Rink', 'Cricket Pitch', 'Sun Deck', 'Amphitheatre']"
Emaar Digihomes, sector 62,https://www.99acres.com/emaar-digihomes-sector-62-gurgaon-npxid-r333369,"['Mini Theatre', 'Swimming Pool', 'Salon', 'Card Room', 'Restaurant', 'Spa', 'Creche/Day care', 'Banquet Hall', 'Lawn Tennis Court']"
Signature Global City 79B,dependent floor ,https://www.99acres.com/signature-global-city-79b-sector-79-gurgaon-npxid-r404401,"['Swimming Pool', 'Reflexology Park', 'Gazebo', 'Banquet Hall', 'Cricket Pitch', 'Sun Deck', 'Multipurpose Court', 'Amphitheatre', 'Toddler Pool']"
DLF The Arbour, sector 63 gurgaon,https://www.99acres.com/dlf-the-arbour-sector-63-gurgaon-npxid-r404070,"['Swimming Pool', 'Community Hall', 'Yoga/Meditation Area', '24x7 Security', 'Club House', 'Gated Community', 'Gymnasium', 'Landscape Garden', ""Children's Play Area""]"
M3M Antalya Hills, sector 79 gurgaon,https://www.99acres.com/m3m-antalya-hills-sector-79-gurgaon-npxid-r402610,"['Mini Theatre', 'Swimming Pool', 'Lounge', 'Reflexology Park', 'Restaurant', 'Terrace Garden', 'Sauna', 'Spa', 'Gazebo']"
Signature Global City 81,dependent floor ,https://www.99acres.com/signature-global-city-81-sector-81-gurgaon-npxid-r380265,"['Swimming Pool', 'Flower Garden', 'Jacuzzi', 'Wi-Fi Connectivity', 'Amphitheatre', 'Power Back up Lift', 'Vastu Compliant', 'Basketball Court', 'Badminton Court']"
SS Linden Floors,dependent floor ,https://www.99acres.com/ss-linden-floors-sector-84-gurgaon-npxid-r383068,"['Swimming Pool', 'School', 'Entrance Lobby', 'CCTV Camera Security', 'Club House', 'Gated Community', 'Landscape Garden', 'Lift(s)', 'Car Parking']"
Mahindra Luminare, sector 59,https://www.99acres.com/mahindra-luminare-sector-59-gurgaon-npxid-r62235,"['Swimming Pool', 'Card Room', 'Restaurant', 'Spa', 'Squash Court', 'Gazebo', 'Banquet Hall', 'Lawn Tennis Court', 'Amphitheatre']"
M3M Golf Hills, sector 79,https://www.99acres.com/m3m-golf-hills-sector-79-gurgaon-npxid-r405181,"['Salon', 'Spa', 'Cricket Pitch', 'Lawn Tennis Court', 'Amphitheatre', 'Basketball Court', 'Badminton Court', 'Entrance Lobby', 'Yoga/Meditation Area']"
Suncity Vatsal Valley,dependent floor ,https://www.99acres.com/suncity-vatsal-valley-gwal-pahari-gurgaon-npxid-r383788,"['Earthquake Resistant', 'Vastu Compliant', 'Entrance Lobby', '24/7 Power Backup', '24/7 Water Supply', 'Landscape Garden', ""Children's Play Area"", 'Lift(s)', 'Car Parking']"
Whiteland Blissville, sector 76,https://www.99acres.com/whiteland-blissville-sector-76-gurgaon-npxid-r396984,"['Lounge', 'Barbecue', 'Creche/Day care', 'Yoga/Meditation Area', 'Club House', 'Gymnasium', 'Landscape Garden', ""Children's Play Area"", 'Lift(s)']"
Trump Tower, sector 65,https://www.99acres.com/trump-tower-sector-65-gurgaon-npxid-r296597,"['Valet Parking', 'Foosball', 'Concierge Service', 'Infinity Pool', 'Swimming Pool', 'Bar/Chill-Out Lounge', 'Business Lounge', 'Laundry', 'Cigar Lounge']"
Tulip Monsella, sector 53,https://www.99acres.com/tulip-monsella-sector-53-gurgaon-npxid-r390137,"['Mini Theatre', 'Swimming Pool', 'Bar/Chill-Out Lounge', 'Business Lounge', 'Cigar Lounge', 'Golf Course', 'School', 'Card Room', 'Restaurant']"
Krisumi Waterfall Residences, sector 36a,https://www.99acres.com/krisumi-waterfall-residences-sector-36a-gurgaon-npxid-r331957,"['Concierge Service', 'Swimming Pool', 'Bar/Chill-Out Lounge', 'Salon', 'Restaurant', 'Terrace Garden', 'Pergola', 'Jacuzzi', 'Piped Gas']"
M3M Capital, sector 113,https://www.99acres.com/m3m-capital-sector-113-gurgaon-npxid-r385121,"['Swimming Pool', 'Lounge', 'Bar/Chill-Out Lounge', 'ATM', 'Aerobics Centre', 'Restaurant', 'Sauna', 'Spa', 'Skating Rink']"
Godrej Meridien, sector 106,https://www.99acres.com/godrej-meridien-sector-106-gurgaon-npxid-r306651,"['Valet Parking', 'Mini Theatre', 'Concierge Service', 'Swimming Pool', 'Bar/Chill-Out Lounge', 'Medical Centre', 'Flower Garden', 'Reflexology Park', 'School']"
La Vida by Tata Housing, sector 113,https://www.99acres.com/la-vida-by-tata-housing-sector-113-gurgaon-npxid-r265503,"['Mini Theatre', 'Natural Pond', 'Swimming Pool', 'Card Room', 'Sauna', 'Spa', 'Squash Court', 'Cricket Pitch', 'Sun Deck']"
Birla Navya,dependent floor ,https://www.99acres.com/birla-navya-sector-63a-gurgaon-npxid-r351013,"['Mini Theatre', 'Swimming Pool', 'Football', 'Lounge', 'Business Lounge', 'Flower Garden', 'Reflexology Park', 'Conference room', 'Salon']"
Signature Global City,dependent floor ,https://www.99acres.com/signature-global-city-sector-37d-gurgaon-npxid-r378934,"['Swimming Pool', 'Reflexology Park', 'Jacuzzi', 'Skating Rink', 'Cricket Pitch', 'Multipurpose Court', 'Amphitheatre', 'Toddler Pool', 'Basketball Court']"
Godrej 101, sector 79,https://www.99acres.com/godrej-101-sector-79-gurgaon-npxid-r213249,"['Air Hockey', 'Acupressure Park', 'Foosball', 'Swimming Pool', 'Football', 'Reading Lounge', 'Golf Course', 'Volley Ball Court', 'ATM']"
M3M Soulitude,dependent floor ,https://www.99acres.com/m3m-soulitude-sector-89-gurgaon-npxid-r378131,"['Swimming Pool', 'Lounge', 'Bar/Chill-Out Lounge', 'Solar Lighting', 'Aerobics Centre', 'Restaurant', 'Terrace Garden', 'Piped Gas', 'Theatre']"
BPTP Terra, sector 37d,https://www.99acres.com/bptp-terra-sector-37d-gurgaon-npxid-r5360,"['Swimming Pool', 'Bar/Chill-Out Lounge', 'Waiting Lounge', 'Fountain', 'Sun Deck', 'Toddler Pool', 'Community Hall', 'Yoga/Meditation Area', 'Rain Water Harvesting']"
M3M Skycity, sector 65,https://www.99acres.com/m3m-skycity-sector-65-gurgaon-npxid-r326899,"['Bus Shelter', 'Swimming Pool', 'Lounge', 'Bar/Chill-Out Lounge', 'Reflexology Park', 'School', 'Aerobics Centre', 'Terrace Garden', 'High Speed Elevators']"
MRG The Crown,dependent floor ,https://www.99acres.com/mrg-the-crown-sector-106-gurgaon-npxid-r405486,"['Swimming Pool', 'Visitors Parking', 'Skating Rink', 'Cricket Pitch', 'Basketball Court', 'Sewage Treatment Plant', 'Jogging Track', 'Club House', 'Gated Community']"
Godrej Nature Plus Serenity, sector-33 sohna,https://www.99acres.com/godrej-nature-plus-serenity-sector-33-sohna-gurgaon-npxid-r379974,"['Reflexology Park', 'RO System', 'Restaurant', 'Theatre', 'Amphitheatre', 'Badminton Court', 'Entrance Lobby', 'Multipurpose Hall', 'Yoga/Meditation Area']"
SS The Leaf, sector 85,https://www.99acres.com/ss-the-leaf-sector-85-gurgaon-npxid-r5098,"['Valet Parking', 'Swimming Pool', 'Football', 'Business Lounge', 'Medical Centre', 'Flower Garden', 'School', 'Squash Court', 'Wi-Fi Connectivity']"
Eldeco Acclaim, sohna,https://www.99acres.com/eldeco-acclaim-sohna-gurgaon-npxid-r369999,"['Swimming Pool', 'Restaurant', 'Piped Gas', 'Squash Court', 'Gazebo', 'Property Staff', 'Billiards', 'Sun Deck', 'Lawn Tennis Court']"
Emaar Gurgaon Greens, sector 102,https://www.99acres.com/emaar-gurgaon-greens-sector-102-gurgaon-npxid-r2066,"['Swimming Pool', 'Flower Garden', 'Golf Course', 'Solar Lighting', 'Pergola', 'Property Staff', 'Cafeteria', 'Fountain', 'Lawn Tennis Court']"
Oxirich Chintamanis, sector 103,https://www.99acres.com/oxirich-chintamanis-sector-103-gurgaon-npxid-r405511,"['Swimming Pool', 'Entrance Lobby', 'Yoga/Meditation Area', '24/7 Power Backup', 'Gated Community', 'Gymnasium', ""Children's Play Area"", 'Car Parking']"
DLF Garden City Floors,dependent floor ,https://www.99acres.com/dlf-garden-city-floors-sector-92-gurgaon-npxid-r376177,"['Swimming Pool', 'Bar/Chill-Out Lounge', 'School', 'Spa', 'Grocery Shop', 'Squash Court', 'Shopping Centre', 'Power Back up Lift', 'CCTV Camera Security']"
Anant Raj Estates,dependent floor ,https://www.99acres.com/anant-raj-estates-sector-63a-gurgaon-npxid-r2862,"['Swimming Pool', 'Golf Course', 'Salon', 'Restaurant', 'Spa', 'Water Softener Plant', 'Grocery Shop', 'Shopping Centre', 'Cricket Pitch']"
Tulip Yellow, sector 69,https://www.99acres.com/tulip-yellow-sector-69-gurgaon-npxid-r344503,"['Swimming Pool', 'High Speed Elevators', 'Waiting Lounge', 'Skating Rink', 'Grocery Shop', 'Wi-Fi Connectivity', 'Cafeteria', 'Fountain', 'Cricket Pitch']"
BPTP Amstoria,dependent floor ,https://www.99acres.com/bptp-amstoria-sector-102-gurgaon-npxid-r26134,"['Swimming Pool', 'Business Lounge', 'Golf Course', 'Barbecue', 'Restaurant', 'Pergola', 'Spa', 'Squash Court', 'Theatre']"
Emaar Emerald Hills,dependent floor ,https://www.99acres.com/emaar-emerald-hills-sector-65-gurgaon-npxid-r32692,"['Milk Booth', 'Swimming Pool', 'Bar/Chill-Out Lounge', 'Cigar Lounge', 'Changing Area', 'School', 'Aerobics Centre', 'Card Room', 'Restaurant']"
M3M Golfestate, sector 65,https://www.99acres.com/m3m-golfestate-sector-65-gurgaon-npxid-r1030,"['Mini Theatre', 'Doctor on Call', 'Beach Volley Ball Court', 'Air Hockey', 'Automated Car Wash', 'Clinic', 'Foosball', 'Concierge Service', 'Car wash area']"
ATS Triumph, sector 104,https://www.99acres.com/ats-triumph-sector-104-gurgaon-npxid-r25860,"['Concierge Service', 'Swimming Pool', 'Changing Area', 'ATM', 'Sauna', 'Water Softener Plant', 'Skating Rink', 'Wi-Fi Connectivity', 'Property Staff']"
ATS Marigold, sector 89 a,https://www.99acres.com/ats-marigold-sector-89-a-gurgaon-npxid-r10548,"['Swimming Pool', 'Reflexology Park', 'Squash Court', 'Shopping Centre', 'Lawn Tennis Court', 'Power Back up Lift', 'Community Hall', 'Basketball Court', 'Entrance Lobby']"
Signature Global City 37D Ph 2,dependent floor ,https://www.99acres.com/signature-global-city-37d-ph-2-sector-37d-gurgaon-npxid-r396484,"['Swimming Pool', 'Shopping Centre', 'Sun Deck', 'Yoga/Meditation Area', 'Sewage Treatment Plant', 'Jogging Track', 'Rain Water Harvesting', 'Club House', '24/7 Power Backup']"
DLF Alameda,dependent floor ,https://www.99acres.com/dlf-alameda-sector-73-gurgaon-npxid-r1229,"['Clinic', 'Swimming Pool', 'Medical Centre', 'School', 'Card Room', 'Restaurant', 'Squash Court', 'Theatre', 'Gazebo']"
Experion Windchants, sector 112,https://www.99acres.com/experion-windchants-sector-112-gurgaon-npxid-r4342,"['Mini Theatre', 'Air Hockey', 'Foosball', 'Natural Pond', 'Swimming Pool', 'Reading Lounge', 'Conference room', 'Solar Lighting', 'Card Room']"
Saan Verdante, sector 95,https://www.99acres.com/saan-verdante-sector-95-gurgaon-npxid-r146207,"['Automated Car Wash', 'Swimming Pool', 'Laundry', 'Reading Lounge', 'Card Room', 'Restaurant', 'Piped Gas', 'Property Staff', 'Cafeteria']"
4S Aradhya Homes,dependent floor ,https://www.99acres.com/4s-aradhya-homes-sector-67a-gurgaon-npxid-r374154,"['Swimming Pool', 'Bar/Chill-Out Lounge', 'Terrace Garden', 'Piped Gas', 'Cafeteria', 'Table Tennis', 'Badminton Court', 'Jogging Track', 'Club House']"
Yash Vihar, pataudi,https://www.99acres.com/yash-vihar-pataudi-gurgaon-npxid-r371696,"['Solar Lighting', 'Pergola', 'Skating Rink', 'Fountain', 'Shopping Centre', 'Cricket Pitch', 'Amphitheatre', 'Sewage Treatment Plant', 'CCTV Camera Security']"
Smart World Orchard, sector 61,https://www.99acres.com/smart-world-orchard-sector-61-gurgaon-npxid-r376088,"['Mini Theatre', 'Swimming Pool', 'Lounge', 'Bar/Chill-Out Lounge', 'Medical Centre', 'Conference room', 'Salon', 'Aerobics Centre', 'Visitors Parking']"
DLF The Camellias, sector 42,https://www.99acres.com/dlf-the-camellias-sector-42-gurgaon-npxid-r129601,"['Concierge Service', 'Swimming Pool', 'Golf Course', 'Visitors Parking', 'Restaurant', 'Waiting Lounge', 'Sauna', 'Spa', 'Water Softener Plant']"
Birla Navya Avik, sector 63a,https://www.99acres.com/birla-navya-avik-sector-63a-gurgaon-npxid-r409743,"['Football', 'Skating Rink', 'Cricket Pitch', 'Amphitheatre', 'Basketball Court', 'Badminton Court', 'Yoga/Meditation Area', 'Gymnasium', 'Landscape Garden']"
Adani Samsara Avasa, sector 63,https://www.99acres.com/adani-samsara-avasa-sector-63-gurgaon-npxid-r403842,"['Natural Pond', 'Swimming Pool', 'Terrace Garden', 'Pergola', 'Sauna', 'Spa', 'Fountain', 'Sun Deck', 'Video Door Security']"
DLF The Crest, sector 54,https://www.99acres.com/dlf-the-crest-sector-54-gurgaon-npxid-r8664,"['Swimming Pool', 'Bar/Chill-Out Lounge', 'Flower Garden', 'Reading Lounge', 'Salon', 'Card Room', 'Solar Water Heating', 'Restaurant', 'Spa']"
DLF The Magnolias, sector 42,https://www.99acres.com/dlf-the-magnolias-sector-42-gurgaon-npxid-r660,"['Mini Theatre', 'Swimming Pool', 'Football', 'Bar/Chill-Out Lounge', 'Business Lounge', 'Salon', 'Restaurant', 'Spa', 'Water Softener Plant']"
DLF The Aralias, sector 42,https://www.99acres.com/dlf-the-aralias-sector-42-gurgaon-npxid-r12158,"['Concierge Service', 'Swimming Pool', 'Restaurant', 'Spa', 'Skating Rink', 'Squash Court', 'Theatre', 'Pool Table', 'Property Staff']"
Ansal API Esencia,dependent floor ,https://www.99acres.com/ansal-api-esencia-sector-67-gurgaon-npxid-r3568,"['Swimming Pool', 'Laundry', 'School', 'Solar Lighting', 'Terrace Garden', 'Creche/Day care', 'Grocery Shop', 'Shopping Centre', 'Video Door Security']"
Pioneer Araya, sector 62,https://www.99acres.com/pioneer-araya-sector-62-gurgaon-npxid-r1325,"['Foosball', 'Concierge Service', 'Infinity Pool', 'Swimming Pool', 'Bar/Chill-Out Lounge', 'Business Lounge', 'Reading Lounge', 'Salon', 'Card Room']"
M3M Merlin, sector 67,https://www.99acres.com/m3m-merlin-sector-67-gurgaon-npxid-r1191,"['Beach Volley Ball Court', 'Automated Car Wash', 'Swimming Pool', 'Laundry', 'Flower Garden', 'Reflexology Park', 'Golf Course', 'Volley Ball Court', 'Salon']"
Smart World Gems,dependent floor ,https://www.99acres.com/smart-world-gems-sector-89-gurgaon-npxid-r378133,"['Swimming Pool', 'Lounge', 'Aerobics Centre', 'Terrace Garden', 'Piped Gas', 'Squash Court', 'Gazebo', 'Wi-Fi Connectivity', 'Sun Deck']"
Vatika Aspiration, sector 88b gurgaon,https://www.99acres.com/vatika-aspiration-sector-88b-gurgaon-npxid-r401506,"['Grocery Shop', 'Community Hall', 'Sewage Treatment Plant', 'Rain Water Harvesting', 'Gated Community', 'Gymnasium', 'Landscape Garden', ""Children's Play Area"", 'Internal Street Lights']"
Ace Palm Floors,dependent floor ,https://www.99acres.com/ace-palm-floors-sector-89-gurgaon-npxid-r375877,"['Swimming Pool', 'Fountain', 'Sun Deck', 'Amphitheatre', 'Yoga/Meditation Area', 'Club House', 'Gated Community', 'Landscape Garden', ""Children's Play Area""]"
DLF Gardencity Enclave,dependent floor ,https://www.99acres.com/dlf-gardencity-enclave-sector-93-gurgaon-npxid-r392732,"['Shopping Centre', 'Community Hall', 'Sewage Treatment Plant', '24x7 Security', 'Club House', ""Children's Play Area"", 'Internal Street Lights', 'Fire Fighting Systems']"
Emaar Palm Heights, sector 77,https://www.99acres.com/emaar-palm-heights-sector-77-gurgaon-npxid-r319909,"['Swimming Pool', 'Waiting Lounge', 'Creche/Day care', 'Sun Deck', 'Lawn Tennis Court', 'Toddler Pool', 'Basketball Court', 'Badminton Court', 'Entrance Lobby']"
Signature Global Park,dependent floor ,https://www.99acres.com/signature-global-park-sohna-gurgaon-npxid-r330597,"['Swimming Pool', 'Gazebo', 'Amphitheatre', 'Basketball Court', 'Badminton Court', 'Multipurpose Hall', 'Yoga/Meditation Area', 'Jogging Track', 'Gymnasium']"
Emaar MGF Marbella, sector 66,https://www.99acres.com/emaar-mgf-marbella-sector-66-gurgaon-npxid-r1134,"['Bowling Alley', 'Mini Theatre', 'Concierge Service', 'Swimming Pool', 'Lounge', 'Bar/Chill-Out Lounge', 'Cigar Lounge', 'Changing Area', 'Salon']"
Rishali Luxe Residency 112, sector 112,https://www.99acres.com/rishali-luxe-residency-112-sector-112-gurgaon-npxid-r409012,"['Community Hall', 'Sewage Treatment Plant', 'Rain Water Harvesting', 'Club House', '24/7 Power Backup', 'Gated Community', '24/7 Water Supply', ""Children's Play Area"", 'Garbage Disposal']"
Puri The Aravallis, sector 61,https://www.99acres.com/puri-the-aravallis-sector-61-gurgaon-npxid-r396420,"['Foosball', 'Infinity Pool', 'Swimming Pool', 'Football', 'Jacuzzi', 'Cricket Pitch', 'Sun Deck', 'Lawn Tennis Court', 'Amphitheatre']"
International City by SOBHA Phase 2, sector 109,https://www.99acres.com/international-city-by-sobha-phase-2-sector-109-gurgaon-npxid-r259717,"['Swimming Pool', 'Theater Home', 'School', 'Solar Lighting', 'Restaurant', 'Terrace Garden', 'Jacuzzi', 'Piped Gas', 'Squash Court']"
Emaar MGF The Palm Drive, sector 66,https://www.99acres.com/emaar-mgf-the-palm-drive-sector-66-gurgaon-npxid-r19,"['Swimming Pool', 'Theater Home', 'Bar/Chill-Out Lounge', 'Cigar Lounge', 'Reading Lounge', 'Reflexology Park', 'Golf Course', 'Changing Area', 'School']"
BPTP Green Oaks, sector 70a,https://www.99acres.com/bptp-green-oaks-sector-70a-gurgaon-npxid-r382679,"['Community Hall', 'Club House', 'Landscape Garden']"
Puri Emerald Bay, sector 104,https://www.99acres.com/puri-emerald-bay-sector-104-gurgaon-npxid-r5456,"['Swimming Pool', 'Theatre', 'Wi-Fi Connectivity', 'Cafeteria', 'Billiards', 'Lawn Tennis Court', 'Video Door Security', 'Multipurpose Court', 'Amphitheatre']"
Ireo Victory Valley, sector 67,https://www.99acres.com/ireo-victory-valley-sector-67-gurgaon-npxid-r871,"['Swimming Pool', 'Football', 'Bar/Chill-Out Lounge', 'Flower Garden', 'Reading Lounge', 'Golf Course', 'Conference room', 'School', 'Salon']"
DLF Gardencity,dependent floor ,https://www.99acres.com/dlf-gardencity-sector-91-gurgaon-npxid-r1193,"['Swimming Pool', 'Bar/Chill-Out Lounge', 'School', 'Restaurant', 'Spa', 'Squash Court', 'Theatre', 'Cafeteria', 'Fountain']"
Tata Primanti,dependent floor ,https://www.99acres.com/tata-primanti-sector-72-gurgaon-npxid-r1148,"['Swimming Pool', 'Changing Area', 'School', 'Card Room', 'Restaurant', 'Sauna', 'Jacuzzi', 'Piped Gas', 'Steam Room']"
DLF Park Place, sector 54,https://www.99acres.com/dlf-park-place-sector-54-gurgaon-npxid-r8,"['Mini Theatre', 'Swimming Pool', 'Theater Home', 'Business Lounge', 'Laundry', 'Changing Area', 'School', 'Salon', 'RO System']"
Central Park Flower Valley,dependent floor ,https://www.99acres.com/central-park-flower-valley-sector-33-sohna-gurgaon-npxid-r22052,"['Swimming Pool', 'Reading Lounge', 'Reflexology Park', 'Golf Course', 'Aerobics Centre', 'Sauna', 'Jacuzzi', 'Steam Room', 'Creche/Day care']"
Ireo Skyon, sector 60,https://www.99acres.com/ireo-skyon-sector-60-gurgaon-npxid-r1147,"['Swimming Pool', 'Golf Course', 'Changing Area', 'School', 'Restaurant', 'High Speed Elevators', 'Piped Gas', 'Steam Room', 'Squash Court']"
AIPL The Peaceful Homes, sector 70a,https://www.99acres.com/aipl-the-peaceful-homes-sector-70a-gurgaon-npxid-r3480,"['Automated Car Wash', 'Concierge Service', 'Swimming Pool', 'Football', 'Bar/Chill-Out Lounge', 'Reading Lounge', 'Golf Course', 'Volley Ball Court', 'Salon']"
Adani M2K Oyster Grande, sector 102,https://www.99acres.com/adani-m2k-oyster-grande-sector-102-gurgaon-npxid-r4904,"['Swimming Pool', 'Changing Area', 'School', 'Salon', 'ATM', 'Aerobics Centre', 'Card Room', 'Solar Water Heating', 'Waiting Lounge']"
G99, sector 99,https://www.99acres.com/g99-sector-99-gurgaon-npxid-r1561,"['Milk Booth', 'Manicured Garden', 'Swimming Pool', 'Football', 'Flower Garden', 'School', 'Restaurant', 'Pergola', 'Skating Rink']"
Emaar MGF Emerald Floors Premier,dependent floor ,https://www.99acres.com/emaar-mgf-emerald-floors-premier-sector-65-gurgaon-npxid-r652,"['Clinic', 'Swimming Pool', 'School', 'Piped Gas', 'Creche/Day care', 'Theatre', 'Shopping Centre', 'Lawn Tennis Court', 'Jogging Track']"
ROF Insignia Park,dependent floor ,https://www.99acres.com/rof-insignia-park-sector-93-gurgaon-npxid-r383406,"['Swimming Pool', 'Skating Rink', 'Grocery Shop', 'Gazebo', 'Cricket Pitch', 'Lawn Tennis Court', 'Amphitheatre', 'Basketball Court', 'Badminton Court']"
DLF The Ultima, sector 81,https://www.99acres.com/dlf-the-ultima-sector-81-gurgaon-npxid-r7182,"['Mini Theatre', 'Swimming Pool', 'Theater Home', 'Football', 'Bar/Chill-Out Lounge', 'Flower Garden', 'Reading Lounge', 'Golf Course', 'Changing Area']"
Indiabulls Enigma, sector 110,https://www.99acres.com/indiabulls-enigma-sector-110-gurgaon-npxid-r31904,"['Swimming Pool', 'Aerobics Centre', 'Barbecue', 'Restaurant', 'Pergola', 'Spa', 'Pool Table', 'Cafeteria', 'Sun Deck']"
Experion The Westerlies, sector 108,https://www.99acres.com/experion-the-westerlies-sector-108-gurgaon-npxid-r18410,"['Swimming Pool', 'Reflexology Park', 'Barbecue', 'Terrace Garden', 'Gazebo', 'Fountain', 'Sun Deck', 'Amphitheatre', 'Power Back up Lift']"
Hero Homes, sector 104,https://www.99acres.com/hero-homes-sector-104-gurgaon-npxid-r318679,"['Swimming Pool', 'Bar/Chill-Out Lounge', 'Reading Lounge', 'Reflexology Park', 'Card Room', 'Barbecue', 'Restaurant', 'Sauna', 'Spa']"
Central Park Flower Valley Mikasa Plots, sector-33 sohna,https://www.99acres.com/central-park-flower-valley-mikasa-plots-sector-33-sohna-gurgaon-npxid-r308685,"['Bowling Alley', 'Concierge Service', 'Swimming Pool', 'Lounge', 'Medical Centre', 'Laundry', 'Flower Garden', 'Reflexology Park', 'Golf Course']"
M3M Skywalk, sector 74,https://www.99acres.com/m3m-skywalk-sector-74-gurgaon-npxid-r368291,"['Concierge Service', 'Swimming Pool', 'Lounge', 'Golf Course', 'Changing Area', 'Aerobics Centre', 'Restaurant', 'High Speed Elevators', 'Waiting Lounge']"
Ireo The Grand Arch, sector 58,https://www.99acres.com/ireo-the-grand-arch-sector-58-gurgaon-npxid-r659,"['Bowling Alley', 'Swimming Pool', 'Football', 'Restaurant', 'Waiting Lounge', 'Piped Gas', 'Water Softener Plant', 'Creche/Day care', 'Squash Court']"
JMS The Nation, sector 95,https://www.99acres.com/jms-the-nation-sector-95-gurgaon-npxid-r389082,"['Yoga/Meditation Area', 'Gated Community', ""Children's Play Area""]"
Imperia The Esfera, sector 37c,https://www.99acres.com/imperia-the-esfera-sector-37c-gurgaon-npxid-r1580,"['Food Court', 'Swimming Pool', 'Reading Lounge', 'Aerobics Centre', 'Restaurant', 'Water Softener Plant', 'Property Staff', 'Banquet Hall', 'Library']"
Ramprastha Primera, sector 37d,https://www.99acres.com/ramprastha-primera-sector-37d-gurgaon-npxid-r4640,"['Swimming Pool', 'Water Softener Plant', 'Theatre', 'Shopping Centre', 'Video Door Security', 'Multipurpose Court', 'Vastu Compliant', 'Multipurpose Hall', 'Yoga/Meditation Area']"
Experion The Heartsong, sector 108,https://www.99acres.com/experion-the-heartsong-sector-108-gurgaon-npxid-r6502,"['Manicured Garden', 'Bus Shelter', 'Clinic', 'Natural Pond', 'Car wash area', 'Swimming Pool', 'Bar/Chill-Out Lounge', 'Medical Centre', 'Reading Lounge']"
DLF New Town Heights 2,dependent floor ,https://www.99acres.com/dlf-new-town-heights-2-sector-86-gurgaon-npxid-r23690,"['Swimming Pool', 'Pergola', 'Piped Gas', 'Grocery Shop', 'Cafeteria', 'Fountain', 'Sun Deck', 'Lawn Tennis Court', 'Multipurpose Court']"
DLF The Primus, sector 82a,https://www.99acres.com/dlf-the-primus-sector-82a-gurgaon-npxid-r4470,"['Swimming Pool', 'School', 'Aerobics Centre', 'Restaurant', 'Pergola', 'Waiting Lounge', 'Sauna', 'Steam Room', 'Squash Court']"
DLF The Skycourt, sector 86,https://www.99acres.com/dlf-the-skycourt-sector-86-gurgaon-npxid-r6136,"['Swimming Pool', 'Flower Garden', 'School', 'Solar Lighting', 'Card Room', 'Solar Water Heating', 'Restaurant', 'Terrace Garden', 'Piped Gas']"
Central Park Resorts, sector 48,https://www.99acres.com/central-park-resorts-sector-48-gurgaon-npxid-r6802,"['Swimming Pool', 'Golf Course', 'ATM', 'Restaurant', 'Waiting Lounge', 'Cafeteria', 'Shopping Centre', 'Video Door Security', 'Multipurpose Court']"
Suncity Avenue 76, sector 76,https://www.99acres.com/suncity-avenue-76-sector-76-gurgaon-npxid-r343747,"['School', 'High Speed Elevators', 'Creche/Day care', 'Shopping Centre', 'Cricket Pitch', 'Amphitheatre', 'Earthquake Resistant', 'Power Back up Lift', 'Party Lawn']"
International City by Sobha Phase 1, sector 109,https://www.99acres.com/international-city-by-sobha-phase-1-sector-109-gurgaon-npxid-r1204,"['Infinity Pool', 'Swimming Pool', 'Salon', 'Aerobics Centre', 'Card Room', 'Restaurant', 'Terrace Garden', 'Pergola', 'Sauna']"
Ambience Creacions, sector 22,https://www.99acres.com/ambience-creacions-sector-22-gurgaon-npxid-r39908,"['Doctor on Call', 'Bus Shelter', 'Food Court', 'Swimming Pool', 'Football', 'Bar/Chill-Out Lounge', 'Business Lounge', 'Medical Centre', 'Flower Garden']"
Vatika Xpressions,dependent floor ,https://www.99acres.com/vatika-xpressions-sector-88b-gurgaon-npxid-r15060,"['Swimming Pool', 'ATM', 'Creche/Day care', 'Grocery Shop', 'Property Staff', 'Billiards', 'Lawn Tennis Court', 'Video Door Security', 'Multipurpose Court']"
M3M Sierra 68, sector 68,https://www.99acres.com/m3m-sierra-68-sector-68-gurgaon-npxid-r211327,"['Swimming Pool', 'Restaurant', 'High Speed Elevators', 'Piped Gas', 'Property Staff', 'Cafeteria', 'Fountain', 'Sun Deck', 'Lawn Tennis Court']"
Anand Niketan, sector-2 sohna,https://www.99acres.com/anand-niketan-sector-2-sohna-gurgaon-npxid-r409033,"['Manicured Garden', 'Swimming Pool', 'Grocery Shop', 'Gazebo', 'Fountain', 'Cricket Pitch', 'Basketball Court', 'Yoga/Meditation Area', 'CCTV Camera Security']"
DLF The Belaire, sector 54,https://www.99acres.com/dlf-the-belaire-sector-54-gurgaon-npxid-r12,"['Clinic', 'Swimming Pool', 'Theater Home', 'School', 'Aerobics Centre', 'Card Room', 'Restaurant', 'Pergola', 'High Speed Elevators']"
Godrej Aria, sector 79,https://www.99acres.com/godrej-aria-sector-79-gurgaon-npxid-r55428,"['Swimming Pool', 'School', 'Spa', 'Squash Court', 'Property Staff', 'Library', 'Cricket Pitch', 'Lawn Tennis Court', 'Multipurpose Court']"
Ansals Shiva Som Valley, sector-35 sohna,https://www.99acres.com/ansals-shiva-som-valley-sector-35-sohna-gurgaon-npxid-r377672,"['Yoga/Meditation Area', 'Sewage Treatment Plant', 'CCTV Camera Security', 'Jogging Track', '24x7 Security', 'Gymnasium', '24/7 Water Supply', 'Landscape Garden', ""Children's Play Area""]"
Vipul World,dependent floor ,https://www.99acres.com/vipul-world-sector-48-gurgaon-npxid-r37528,"['Swimming Pool', 'School', 'Wi-Fi Connectivity', 'Property Staff', 'Amphitheatre', 'Yoga/Meditation Area', 'Rain Water Harvesting', 'Club House', '24/7 Power Backup']"
Central Park Flower Valley Aqua Front Towers, sector-33 sohna,https://www.99acres.com/central-park-flower-valley-aqua-front-towers-sector-33-sohna-gurgaon-npxid-r269936,"['Doctor on Call', 'Swimming Pool', 'Golf Course', 'Restaurant', 'Sauna', 'Jacuzzi', 'Spa', 'Grocery Shop', 'Gazebo']"
Tulip Violet, sector 69,https://www.99acres.com/tulip-violet-sector-69-gurgaon-npxid-r1013,"['Bus Shelter', 'Swimming Pool', 'Lounge', 'Golf Course', 'Changing Area', 'Gazebo', 'Cafeteria', 'Fountain', 'Video Door Security']"
Eldeco Accolade, sohna,https://www.99acres.com/eldeco-accolade-sohna-gurgaon-npxid-r71167,"['Valet Parking', 'Swimming Pool', 'Football', 'Laundry', 'Flower Garden', 'School', 'ATM', 'Card Room', 'Jacuzzi']"
M3M Natura, sector 68,https://www.99acres.com/m3m-natura-sector-68-gurgaon-npxid-r327791,"['Swimming Pool', 'Football', 'Bar/Chill-Out Lounge', 'Salon', 'Terrace Garden', 'High Speed Elevators', 'Spa', 'Cafeteria', 'Sun Deck']"
Emaar Imperial Gardens, sector 102,https://www.99acres.com/emaar-imperial-gardens-sector-102-gurgaon-npxid-r5358,"['Swimming Pool', 'School', 'Pergola', 'Wi-Fi Connectivity', 'Property Staff', 'Cafeteria', 'Shopping Centre', 'Library', 'Sun Deck']"
Ireo City Plots, sector 60,https://www.99acres.com/ireo-city-plots-sector-60-gurgaon-npxid-r10720,"['Swimming Pool', 'Salon', 'Banquet Hall', 'Lawn Tennis Court', 'Amphitheatre', 'Jogging Track', '24x7 Security', 'Club House', '24/7 Power Backup']"
Parsvnath Exotica, sector 53,https://www.99acres.com/parsvnath-exotica-sector-53-gurgaon-npxid-r11,"['Swimming Pool', 'Golf Course', 'Card Room', 'Piped Gas', 'Squash Court', 'Billiards', 'Video Door Security', 'Basketball Court', 'Entrance Lobby']"
Pioneer Urban Presidia, sector 62,https://www.99acres.com/pioneer-urban-presidia-sector-62-gurgaon-npxid-r110,"['Swimming Pool', 'Football', 'Bar/Chill-Out Lounge', 'Reading Lounge', 'Golf Course', 'Restaurant', 'Terrace Garden', 'Spa', 'Skating Rink']"
Suncity Platinum Towers, mg road,https://www.99acres.com/suncity-platinum-towers-mg-road-gurgaon-npxid-r308091,"['Mini Theatre', 'Automated Car Wash', 'Swimming Pool', 'Business Lounge', 'Salon', 'Card Room', 'Waiting Lounge', 'Sauna', 'Steam Room']"
Godrej Nature Plus, sector-33 sohna,https://www.99acres.com/godrej-nature-plus-sector-33-sohna-gurgaon-npxid-r297055,"['Natural Pond', 'Swimming Pool', 'Skating Rink', 'Gazebo', 'Cafeteria', 'Billiards', 'Fountain', 'Shopping Centre', 'Cricket Pitch']"
Bestech Park View Grand Spa, sector 81,https://www.99acres.com/bestech-park-view-grand-spa-sector-81-gurgaon-npxid-r2086,"['Automated Car Wash', 'Acupressure Park', 'Swimming Pool', 'Golf Course', 'Salon', 'Card Room', 'Restaurant', 'High Speed Elevators', 'Waiting Lounge']"
Shree Vardhman Victoria, sector 70,https://www.99acres.com/shree-vardhman-victoria-sector-70-gurgaon-npxid-r28294,"['Bus Shelter', 'Swimming Pool', 'School', 'Card Room', 'Pergola', 'High Speed Elevators', 'Sauna', 'Steam Room', 'Water Softener Plant']"
Silverglades The Melia, sohna,https://www.99acres.com/silverglades-the-melia-sohna-gurgaon-npxid-r26828,"['Swimming Pool', 'Football', 'Bar/Chill-Out Lounge', 'Laundry', 'Reading Lounge', 'Golf Course', 'Conference room', 'Card Room', 'Restaurant']"
Shree Vardhman Flora, sector 90,https://www.99acres.com/shree-vardhman-flora-sector-90-gurgaon-npxid-r28296,"['Swimming Pool', 'School', 'Sauna', 'Steam Room', 'Billiards', 'Fountain', 'Shopping Centre', 'Lawn Tennis Court', 'Earthquake Resistant']"
Vatika Seven Elements, sector 89 a,https://www.99acres.com/vatika-seven-elements-sector-89-a-gurgaon-npxid-r7746,"['Valet Parking', 'Food Court', 'Swimming Pool', 'Business Lounge', 'School', 'Restaurant', 'Pergola', 'Grocery Shop', 'Squash Court']"
Bellavista Central Park Resorts, sector 48,https://www.99acres.com/bellavista-central-park-resorts-sector-48-gurgaon-npxid-r343397,"['Mini Theatre', 'Infinity Pool', 'Lounge', 'Restaurant', 'High Speed Elevators', 'Sauna', 'Jacuzzi', 'Spa', 'Water Softener Plant']"
M3M Heights, sector 65,https://www.99acres.com/m3m-heights-sector-65-gurgaon-npxid-r272921,"['Bus Shelter', 'Infinity Pool', 'Swimming Pool', 'Bar/Chill-Out Lounge', 'Reflexology Park', 'Aerobics Centre', 'Restaurant', 'Terrace Garden', 'High Speed Elevators']"
Godrej Habitat, sector 3,https://www.99acres.com/godrej-habitat-sector-3-gurgaon-npxid-r326543,"['Mini Theatre', 'Foosball', 'Swimming Pool', 'Flower Garden', 'Salon', 'ATM', 'Card Room', 'Piped Gas', 'Grocery Shop']"
Adani Brahma Samsara,dependent floor ,https://www.99acres.com/adani-brahma-samsara-sector-60-gurgaon-npxid-r271215,"['Swimming Pool', 'School', 'Restaurant', 'Spa', 'Skating Rink', 'Theatre', 'Pool Table', 'Billiards', 'Shopping Centre']"
DLF The Grove,dependent floor ,https://www.99acres.com/dlf-the-grove-dlf-phase-5-gurgaon-npxid-r391580,"['Swimming Pool', 'ATM', 'Creche/Day care', 'Wi-Fi Connectivity', 'Cafeteria', 'Community Hall', 'Entrance Lobby', 'Sewage Treatment Plant', 'CCTV Camera Security']"
Corona Optus, sector 37c,https://www.99acres.com/corona-optus-sector-37c-gurgaon-npxid-r2788,"['Swimming Pool', 'School', 'Piped Gas', 'Skating Rink', 'Grocery Shop', 'Lawn Tennis Court', 'Multipurpose Court', 'Amphitheatre', 'Earthquake Resistant']"
Central Park Flower Valley Flamingo Floors,dependent floor ,https://www.99acres.com/central-park-flower-valley-flamingo-floors-sector-33-sohna-gurgaon-npxid-r271483,"['Swimming Pool', 'Medical Centre', 'Golf Course', 'School', 'Restaurant', 'Sauna', 'Jacuzzi', 'Steam Room', 'Creche/Day care']"
ROF Insignia Park 2, sector 95,https://www.99acres.com/rof-insignia-park-2-sector-95-gurgaon-npxid-r394471,"['Reflexology Park', 'Golf Course', 'Skating Rink', 'Gazebo', 'Cricket Pitch', 'Amphitheatre', 'Basketball Court', 'Badminton Court', 'Yoga/Meditation Area']"
Indiabulls Centrum Park, sector 103,https://www.99acres.com/indiabulls-centrum-park-sector-103-gurgaon-npxid-r461,"['Milk Booth', 'Clinic', 'Swimming Pool', 'Business Lounge', 'Medical Centre', 'Reading Lounge', 'School', 'Salon', 'ATM']"
BPTP Fortuna, sector 70a,https://www.99acres.com/bptp-fortuna-sector-70a-gurgaon-npxid-r391135,"['Gazebo', 'Sewage Treatment Plant', 'CCTV Camera Security', 'Club House', '24/7 Power Backup', 'Gated Community', 'Gymnasium', '24/7 Water Supply', 'Landscape Garden']"
Bestech Park View Spa Next, sector 67,https://www.99acres.com/bestech-park-view-spa-next-sector-67-gurgaon-npxid-r23724,"['Swimming Pool', 'School', 'Piped Gas', 'Skating Rink', 'Grocery Shop', 'Shopping Centre', 'Cricket Pitch', 'Lawn Tennis Court', 'Amphitheatre']"
DLF The Pinnacle, dlf phase 5,https://www.99acres.com/dlf-the-pinnacle-dlf-phase-5-gurgaon-npxid-r12068,"['Swimming Pool', 'Sun Deck', 'Lawn Tennis Court', 'Earthquake Resistant', 'Party Lawn', 'Vastu Compliant', 'Basketball Court', 'Badminton Court', 'Entrance Lobby']"
Godrej Oasis, sector 88a,https://www.99acres.com/godrej-oasis-sector-88a-gurgaon-npxid-r28232,"['Bus Shelter', 'Concierge Service', 'Swimming Pool', 'Grocery Shop', 'Shopping Centre', 'Sun Deck', 'Lawn Tennis Court', 'Toddler Pool', 'Table Tennis']"
Anant Raj Estate Plots, sector 63,https://www.99acres.com/anant-raj-estate-plots-sector-63-gurgaon-npxid-r368126,"['Swimming Pool', 'Restaurant', 'Spa', 'Shopping Centre', 'Yoga/Meditation Area', 'Sewage Treatment Plant', 'Rain Water Harvesting', 'Club House', '24/7 Power Backup']"
Mapsko The Icon 79, sector 79,https://www.99acres.com/mapsko-the-icon-79-sector-79-gurgaon-npxid-r408246,"['Mini Theatre', 'Swimming Pool', 'Bar/Chill-Out Lounge', 'Business Lounge', 'Spa', 'Steam Room', 'Squash Court', 'Cafeteria', 'Billiards']"
DLF Regal Gardens, sector 90,https://www.99acres.com/dlf-regal-gardens-sector-90-gurgaon-npxid-r2718,"['Swimming Pool', 'School', 'Card Room', 'Solar Water Heating', 'Waiting Lounge', 'Theatre', 'Gazebo', 'Pool Table', 'Billiards']"
DLF The Icon, dlf phase 5,https://www.99acres.com/dlf-the-icon-dlf-phase-5-gurgaon-npxid-r26572,"['Swimming Pool', 'Restaurant', 'Skating Rink', 'Wi-Fi Connectivity', 'Property Staff', 'Lawn Tennis Court', 'Video Door Security', 'Multipurpose Court', 'Power Back up Lift']"
Vatika Sovereign Park, sector 99,https://www.99acres.com/vatika-sovereign-park-sector-99-gurgaon-npxid-r25,"['Swimming Pool', 'Terrace Garden', 'High Speed Elevators', 'Sauna', 'Piped Gas', 'Spa', 'Steam Room', 'Pool Table', 'Shopping Centre']"
Vatika Sovereign Next, sector 82a,https://www.99acres.com/vatika-sovereign-next-sector-82a-gurgaon-npxid-r39998,"['Swimming Pool', 'Barbecue', 'Pergola', 'Sauna', 'Steam Room', 'Gazebo', 'Property Staff', 'Sun Deck', 'Earthquake Resistant']"
Central Park Flower Valley The Room,dependent floor ,https://www.99acres.com/central-park-flower-valley-the-room-sohna-gurgaon-npxid-r250617,"['Swimming Pool', 'Laundry', 'ATM', 'Restaurant', 'Creche/Day care', 'Theatre', 'Wi-Fi Connectivity', 'Property Staff', 'Cafeteria']"
M3M Sky Lofts, sector 71,https://www.99acres.com/m3m-sky-lofts-sector-71-gurgaon-npxid-r324823,"['Bowling Alley', 'Swimming Pool', 'Lounge', 'Bar/Chill-Out Lounge', 'Golf Course', 'Conference room', 'Restaurant', 'Spa', 'Theatre']"
Golden Park, sohna,https://www.99acres.com/golden-park-sohna-gurgaon-npxid-r400381,"['Swimming Pool', 'Volley Ball Court', 'Pergola', 'Skating Rink', 'Fountain', 'Cricket Pitch', 'Sun Deck', 'Lawn Tennis Court', 'Basketball Court']"
Ireo Savannah, sector-35 sohna,https://www.99acres.com/ireo-savannah-sector-35-sohna-gurgaon-npxid-r406279,"['Multipurpose Court', 'Basketball Court', 'Badminton Court', 'Yoga/Meditation Area', 'Sewage Treatment Plant', 'CCTV Camera Security', 'Jogging Track', 'Rain Water Harvesting', '24x7 Security']"
Satya Merano Greens, sector 99a,https://www.99acres.com/satya-merano-greens-sector-99a-gurgaon-npxid-r382315,"['Swimming Pool', 'Card Room', 'Cafeteria', 'Shopping Centre', 'Cricket Pitch', 'Sun Deck', 'Amphitheatre', 'Toddler Pool', 'Party Lawn']"
ATS Kocoon, sector 109,https://www.99acres.com/ats-kocoon-sector-109-gurgaon-npxid-r24656,"['Swimming Pool', 'Laundry', 'Changing Area', 'School', 'Salon', 'Visitors Parking', 'Creche/Day care', 'Squash Court', 'Wi-Fi Connectivity']"
Paras Quartier, gwal pahari,https://www.99acres.com/paras-quartier-gwal-pahari-gurgaon-npxid-r11794,"['Mini Theatre', 'Swimming Pool', 'Business Lounge', 'Volley Ball Court', 'RO System', 'Aerobics Centre', 'Card Room', 'Spa', 'Steam Room']"
Ashiana Amarah, sector 93,https://www.99acres.com/ashiana-amarah-sector-93-gurgaon-npxid-r396809,"['Swimming Pool', 'Flower Garden', 'Library', 'Lawn Tennis Court', 'Amphitheatre', 'Basketball Court', 'Badminton Court', 'Entrance Lobby', 'Yoga/Meditation Area']"
JMS Prime Land, sector 95a,https://www.99acres.com/jms-prime-land-sector-95a-gurgaon-npxid-r374204,"['Reflexology Park', 'Volley Ball Court', 'Skating Rink', 'Cricket Pitch', 'Amphitheatre', 'Party Lawn', 'Community Hall', 'Basketball Court', 'Badminton Court']"
India Rashtra, sector 88a,https://www.99acres.com/india-rashtra-sector-88a-gurgaon-npxid-r403084,"['Swimming Pool', 'CCTV Camera Security', '24x7 Security', 'Club House', 'Gated Community', 'Landscape Garden', 'Car Parking', 'Security Cabin']"
Vipul Tatvam Villa, sector 48,https://www.99acres.com/vipul-tatvam-villa-sector-48-gurgaon-npxid-r33,"['Swimming Pool', 'Bar/Chill-Out Lounge', 'Pergola', 'Wi-Fi Connectivity', 'Property Staff', 'Cafeteria', 'Fountain', 'Lawn Tennis Court', 'Multipurpose Court']"
Orris Woodview Residencies, sector 89,https://www.99acres.com/orris-woodview-residencies-sector-89-gurgaon-npxid-r136297,"['Earthquake Resistant', 'Vastu Compliant', 'Yoga/Meditation Area', 'Indoor Games', 'Sewage Treatment Plant', 'CCTV Camera Security', 'Jogging Track', 'Rain Water Harvesting', '24x7 Security']"
Emaar MGF Palm Hills, sector 77,https://www.99acres.com/emaar-mgf-palm-hills-sector-77-gurgaon-npxid-r804,"['Swimming Pool', 'Business Lounge', 'Salon', 'ATM', 'High Speed Elevators', 'Spa', 'Creche/Day care', 'Grocery Shop', 'Cafeteria']"
Vatika City, sector 49,https://www.99acres.com/vatika-city-sector-49-gurgaon-npxid-r12222,"['Swimming Pool', 'Bar/Chill-Out Lounge', 'Card Room', 'Restaurant', 'Creche/Day care', 'Grocery Shop', 'Cafeteria', 'Banquet Hall', 'Shopping Centre']"
DLF New Town Heights 1, sector 90,https://www.99acres.com/dlf-new-town-heights-1-sector-90-gurgaon-npxid-r62,"['Swimming Pool', 'Medical Centre', 'Changing Area', 'Sauna', 'Grocery Shop', 'Squash Court', 'Cafeteria', 'Shopping Centre', 'Library']"
Vatika Gurgaon 21, sector 83,https://www.99acres.com/vatika-gurgaon-21-sector-83-gurgaon-npxid-r1166,"['Swimming Pool', 'Flower Garden', 'School', 'RO System', 'Grocery Shop', 'Pool Table', 'Property Staff', 'Billiards', 'Shopping Centre']"
Signature The Roselia, sector 95a,https://www.99acres.com/signature-the-roselia-sector-95a-gurgaon-npxid-r270741,"['Swimming Pool', 'Creche/Day care', 'Sun Deck', '24x7 Security', '24/7 Power Backup', 'Gated Community', '24/7 Water Supply', 'Landscape Garden', ""Children's Play Area""]"
Vatika Independent Floors,dependent floor ,https://www.99acres.com/vatika-independent-floors-sector-82-gurgaon-npxid-r27152,"['Swimming Pool', 'School', 'Solar Lighting', 'Piped Gas', 'Property Staff', 'Community Hall', 'CCTV Camera Security', 'Jogging Track', 'Rain Water Harvesting']"
Adani Tatva Estates, sector 99a,https://www.99acres.com/adani-tatva-estates-sector-99a-gurgaon-npxid-r405543,"['Pergola', 'Water Softener Plant', 'Skating Rink', 'Fountain', 'Cricket Pitch', 'Multipurpose Court', 'Amphitheatre', 'Basketball Court', 'Badminton Court']"
Emaar Palm Gardens, sector 83,https://www.99acres.com/emaar-palm-gardens-sector-83-gurgaon-npxid-r1080,"['Swimming Pool', 'Golf Course', 'School', 'Salon', 'Aerobics Centre', 'Card Room', 'Restaurant', 'Waiting Lounge', 'Spa']"
Pareena Mi Casa, sector 68,https://www.99acres.com/pareena-mi-casa-sector-68-gurgaon-npxid-r22804,"['Mini Theatre', 'Natural Pond', 'Swimming Pool', 'Bar/Chill-Out Lounge', 'Flower Garden', 'School', 'Volley Ball Court', 'RO System', 'Visitors Parking']"
The Close North, nirvana country,https://www.99acres.com/the-close-north-nirvana-country-gurgaon-npxid-r10626,"['Swimming Pool', 'Lounge', 'Business Lounge', 'Jacuzzi', 'Steam Room', 'Squash Court', 'Property Staff', 'Banquet Hall', 'Fountain']"
Emaar The Palm Springs, sector 54,https://www.99acres.com/emaar-the-palm-springs-sector-54-gurgaon-npxid-r12084,"['Mini Theatre', 'Swimming Pool', 'Lounge', 'Bar/Chill-Out Lounge', 'Medical Centre', 'Cigar Lounge', 'Changing Area', 'RO System', 'Aerobics Centre']"
BPTP Park Serene, sector 37d,https://www.99acres.com/bptp-park-serene-sector-37d-gurgaon-npxid-r128,"['Swimming Pool', 'Golf Course', 'Visitors Parking', 'Property Staff', 'Fountain', 'Lawn Tennis Court', 'Power Back up Lift', 'Toddler Pool', 'Vastu Compliant']"
Orchid IVY Floors, sector 51,https://www.99acres.com/orchid-ivy-floors-sector-51-gurgaon-npxid-r396842,"['Lounge', 'Entrance Lobby', 'CCTV Camera Security', '24x7 Security', '24/7 Power Backup', 'Gated Community', 'Gymnasium', '24/7 Water Supply', 'Landscape Garden']"
ILD Greens, sector 37c,https://www.99acres.com/ild-greens-sector-37c-gurgaon-npxid-r145,"['Swimming Pool', 'School', 'Aerobics Centre', 'Barbecue', 'Terrace Garden', 'Sauna', 'Water Softener Plant', 'Grocery Shop', 'Squash Court']"
Godrej Icon, sector 88a,https://www.99acres.com/godrej-icon-sector-88a-gurgaon-npxid-r123001,"['Infinity Pool', 'Swimming Pool', 'Reflexology Park', 'Barbecue', 'Solar Water Heating', 'Spa', 'Squash Court', 'Gazebo', 'Billiards']"
Orris Aster Court Premier, sector 85,https://www.99acres.com/orris-aster-court-premier-sector-85-gurgaon-npxid-r304099,"['Mini Theatre', 'Swimming Pool', 'Card Room', 'Cafeteria', 'Billiards', 'Banquet Hall', 'Library', 'Badminton Court', 'Gymnasium']"
M3M Latitude, sector 65,https://www.99acres.com/m3m-latitude-sector-65-gurgaon-npxid-r63915,"['Infinity Pool', 'Swimming Pool', 'Terrace Garden', 'High Speed Elevators', 'Waiting Lounge', 'Sauna', 'Jacuzzi', 'Spa', 'Steam Room']"
Emaar MGF Emerald Estate, sector 65,https://www.99acres.com/emaar-mgf-emerald-estate-sector-65-gurgaon-npxid-r618,"['Swimming Pool', 'School', 'Piped Gas', 'Creche/Day care', 'Grocery Shop', 'Shopping Centre', 'Toddler Pool', 'Jogging Track', '24x7 Security']"
Green Court, sector 90,https://www.99acres.com/green-court-sector-90-gurgaon-npxid-r98486,"['Food Court', 'ATM', 'Restaurant', 'Creche/Day care', 'Grocery Shop', 'Fountain', 'Shopping Centre', 'Earthquake Resistant', 'Community Hall']"
TARC Maceo, sector 91,https://www.99acres.com/tarc-maceo-sector-91-gurgaon-npxid-r7810,"['Concierge Service', 'Natural Pond', 'Swimming Pool', 'Football', 'Bar/Chill-Out Lounge', 'Reflexology Park', 'Changing Area', 'School', 'Solar Lighting']"
Raheja Vanya, sector 99a,https://www.99acres.com/raheja-vanya-sector-99a-gurgaon-npxid-r184557,"['Swimming Pool', 'Card Room', 'Sauna', 'Spa', 'Theatre', 'Library', 'Cricket Pitch', 'Lawn Tennis Court', 'Community Hall']"
Paras Ekam Homes, sohna,https://www.99acres.com/paras-ekam-homes-sohna-gurgaon-npxid-r338225,"['Reading Lounge', 'Pergola', 'Skating Rink', 'Gazebo', 'Cricket Pitch', 'Amphitheatre', 'Party Lawn', 'Table Tennis', 'Badminton Court']"
Landmark The Homes 81, sector 81,https://www.99acres.com/landmark-the-homes-81-sector-81-gurgaon-npxid-r379705,"['Swimming Pool', 'Visitors Parking', 'High Speed Elevators', 'Creche/Day care', 'Grocery Shop', 'Shopping Centre', 'Sun Deck', 'Lawn Tennis Court', 'Earthquake Resistant']"
ROF Normanton Park, sohna,https://www.99acres.com/rof-normanton-park-sohna-gurgaon-npxid-r386250,"['Reading Lounge', 'Reflexology Park', 'Wi-Fi Connectivity', 'Gated Community', 'Senior Citizen Sitout']"
Corona Greens, sohna,https://www.99acres.com/corona-greens-sohna-gurgaon-npxid-r348231,"['Pergola', 'Skating Rink', 'Gazebo', 'Multipurpose Court', 'Party Lawn', 'Yoga/Meditation Area', 'Sewage Treatment Plant', 'Jogging Track', 'Gymnasium']"
Umang Winter Hills, sector 77,https://www.99acres.com/umang-winter-hills-sector-77-gurgaon-npxid-r1614,"['Swimming Pool', 'Laundry', 'Volley Ball Court', 'ATM', 'Visitors Parking', 'Restaurant', 'Creche/Day care', 'Skating Rink', 'Grocery Shop']"
Puri Diplomatic Greens, sector 111,https://www.99acres.com/puri-diplomatic-greens-sector-111-gurgaon-npxid-r1350,"['Air Hockey', 'Foosball', 'Swimming Pool', 'Bar/Chill-Out Lounge', 'Terrace Garden', 'Pergola', 'Waiting Lounge', 'Pool Table', 'Billiards']"
Silverglades Hightown Residences, sushant lok phase 1,https://www.99acres.com/silverglades-hightown-residences-sushant-lok-phase-1-gurgaon-npxid-r370204,"['Mini Theatre', 'Car wash area', 'Swimming Pool', 'Theater Home', 'Lounge', 'Bar/Chill-Out Lounge', 'Business Lounge', 'Medical Centre', 'Flower Garden']"
Pioneer Park, sector 61,https://www.99acres.com/pioneer-park-sector-61-gurgaon-npxid-r45994,"['Swimming Pool', 'Piped Gas', 'Water Softener Plant', 'Earthquake Resistant', 'Entrance Lobby', 'Jogging Track', 'Club House', '24/7 Power Backup', 'Gymnasium']"
Anant Raj Ashok Estate, sector 63a,https://www.99acres.com/anant-raj-ashok-estate-sector-63a-gurgaon-npxid-r396054,['Gated Community']
Paras Dews, sector 106,https://www.99acres.com/paras-dews-sector-106-gurgaon-npxid-r28300,"['Swimming Pool', 'Lounge', 'Reflexology Park', 'School', 'Aerobics Centre', 'Card Room', 'Sauna', 'Jacuzzi', 'Spa']"
Ireo The Corridors, sector 67a,https://www.99acres.com/ireo-the-corridors-sector-67a-gurgaon-npxid-r6670,"['Swimming Pool', 'Football', 'Bar/Chill-Out Lounge', 'Medical Centre', 'Reading Lounge', 'School', 'Solar Lighting', 'Aerobics Centre', 'Card Room']"
Assotech Blith, sector 99,https://www.99acres.com/assotech-blith-sector-99-gurgaon-npxid-r3090,"['Swimming Pool', 'Lounge', 'Medical Centre', 'Conference room', 'Salon', 'Card Room', 'Visitors Parking', 'Restaurant', 'Terrace Garden']"
Bestech Park View Sanskruti, sector 92,https://www.99acres.com/bestech-park-view-sanskruti-sector-92-gurgaon-npxid-r4600,"['Valet Parking', 'Swimming Pool', 'Reading Lounge', 'School', 'Card Room', 'Restaurant', 'Sauna', 'Steam Room', 'Grocery Shop']"
Signature Global the Millennia, sector 37d,https://www.99acres.com/signature-global-the-millennia-sector-37d-gurgaon-npxid-r275989,"['Skating Rink', 'Grocery Shop', 'Gazebo', 'Fountain', 'Shopping Centre', 'Cricket Pitch', 'Multipurpose Court', 'Amphitheatre', 'Earthquake Resistant']"
Orchid Island,dependent floor ,https://www.99acres.com/orchid-island-sector-51-gurgaon-npxid-r8010,"['Property Staff', 'Fountain', 'Power Back up Lift', 'Badminton Court', '24x7 Security', 'Club House', '24/7 Power Backup', 'Gated Community', '24/7 Water Supply']"
Ramprastha The Edge Towers, sector 37d,https://www.99acres.com/ramprastha-the-edge-towers-sector-37d-gurgaon-npxid-r159,"['Temple', 'Swimming Pool', 'Bar/Chill-Out Lounge', 'School', 'Restaurant', 'Sauna', 'Piped Gas', 'Spa', 'Squash Court']"
Pyramid Spring Valley, sohna,https://www.99acres.com/pyramid-spring-valley-sohna-gurgaon-npxid-r338595,"['Basketball Court', 'Badminton Court', 'Yoga/Meditation Area', 'Jogging Track', 'Rain Water Harvesting', '24/7 Power Backup', 'Landscape Garden', ""Children's Play Area"", 'Lift(s)']"
Bestech Park View Ananda, sector 81,https://www.99acres.com/bestech-park-view-ananda-sector-81-gurgaon-npxid-r6464,"['Swimming Pool', 'Visitors Parking', 'Restaurant', 'Terrace Garden', 'Piped Gas', 'Water Softener Plant', 'Skating Rink', 'Squash Court', 'Gazebo']"
Mapsko Casa Bella, sector 82,https://www.99acres.com/mapsko-casa-bella-sector-82-gurgaon-npxid-r158,"['Swimming Pool', 'Pergola', 'Sauna', 'Spa', 'Grocery Shop', 'Squash Court', 'Gazebo', 'Fountain', 'Shopping Centre']"
Mahindra Aura, sector 110 a,https://www.99acres.com/mahindra-aura-sector-110-a-gurgaon-npxid-r722,"['Swimming Pool', 'Golf Course', 'Pergola', 'Skating Rink', 'Fountain', 'Cricket Pitch', 'Sun Deck', 'Multipurpose Court', 'Amphitheatre']"
Godrej Air, sector 85,https://www.99acres.com/godrej-air-sector-85-gurgaon-npxid-r320141,"['Mini Theatre', 'Swimming Pool', 'Flower Garden', 'School', 'Terrace Garden', 'Pergola', 'Creche/Day care', 'Skating Rink', 'Grocery Shop']"
Conscient Habitat, sector 99a,https://www.99acres.com/conscient-habitat-sector-99a-gurgaon-npxid-r376695,"['Creche/Day care', 'Shopping Centre', 'Earthquake Resistant', 'Community Hall', 'Gated Community', 'Landscape Garden', ""Children's Play Area"", 'Lift(s)', 'Car Parking']"
Conscient Heritage Max, sector 102,https://www.99acres.com/conscient-heritage-max-sector-102-gurgaon-npxid-r4050,"['Swimming Pool', 'Football', 'Volley Ball Court', 'Card Room', 'Terrace Garden', 'Grocery Shop', 'Squash Court', 'Pool Table', 'Cafeteria']"
Vipul Belmonte, sector 53,https://www.99acres.com/vipul-belmonte-sector-53-gurgaon-npxid-r12228,"['Swimming Pool', 'ATM', 'Water Softener Plant', 'Grocery Shop', 'Wi-Fi Connectivity', 'Pool Table', 'Property Staff', 'Cafeteria', 'Billiards']"
Unitech The Residences, sector 33,https://www.99acres.com/unitech-the-residences-sector-33-gurgaon-npxid-r508,"['Manicured Garden', 'Swimming Pool', 'School', 'Shopping Centre', 'Lawn Tennis Court', 'Badminton Court', 'Jogging Track', 'Club House', '24/7 Power Backup']"
ILD Grand, sector 37c,https://www.99acres.com/ild-grand-sector-37c-gurgaon-npxid-r2362,"['Manicured Garden', 'Swimming Pool', 'School', 'Salon', 'Spa', 'Grocery Shop', 'Billiards', 'Lawn Tennis Court', 'Basketball Court']"
Signature Global Solera 2, sector 107,https://www.99acres.com/signature-global-solera-2-sector-107-gurgaon-npxid-r276621,"['Pergola', 'Creche/Day care', 'Amphitheatre', 'Community Hall', 'Badminton Court', 'Jogging Track', '24x7 Security', 'Club House', '24/7 Power Backup']"
Signature Global Solera, sector 107,https://www.99acres.com/signature-global-solera-sector-107-gurgaon-npxid-r84159,"['Jogging Track', '24/7 Power Backup', 'Gated Community', 'Gymnasium', '24/7 Water Supply', 'Landscape Garden', ""Children's Play Area"", 'Lift(s)', 'Car Parking']"
M3M Woodshire, sector 107,https://www.99acres.com/m3m-woodshire-sector-107-gurgaon-npxid-r5746,"['Swimming Pool', 'School', 'ATM', 'Aerobics Centre', 'Restaurant', 'Skating Rink', 'Theatre', 'Wi-Fi Connectivity', 'Pool Table']"
Vatika India Next Plots, sector 83,https://www.99acres.com/vatika-india-next-plots-sector-83-gurgaon-npxid-r144209,"['Swimming Pool', 'Medical Centre', 'Golf Course', 'School', 'Property Staff', 'Cafeteria', 'Multipurpose Court', 'Vastu Compliant', 'Rain Water Harvesting']"
MV Buildcon Precore City, sohna,https://www.99acres.com/mv-buildcon-precore-city-sohna-gurgaon-npxid-r24666,"['Multipurpose Court', '24/7 Power Backup', '24/7 Water Supply', 'Landscape Garden', ""Children's Play Area""]"
Lion Infra Green Valley, sector-35 sohna,https://www.99acres.com/lion-infra-green-valley-sector-35-sohna-gurgaon-npxid-r373089,"['Terrace Garden', 'Cricket Pitch', 'Amphitheatre', 'Badminton Court', 'Yoga/Meditation Area', 'Sewage Treatment Plant', 'Jogging Track', 'Rain Water Harvesting', '24x7 Security']"
Orchid Petals, sector 49,https://www.99acres.com/orchid-petals-sector-49-gurgaon-npxid-r12066,"['Swimming Pool', 'Volley Ball Court', 'Piped Gas', 'Water Softener Plant', 'Wi-Fi Connectivity', 'Property Staff', 'Shopping Centre', 'Lawn Tennis Court', 'Multipurpose Court']"
BPTP Mansions Park Prime, sector 66,https://www.99acres.com/bptp-mansions-park-prime-sector-66-gurgaon-npxid-r800,"['Swimming Pool', 'High Speed Elevators', 'Property Staff', 'Shopping Centre', 'Sun Deck', 'CCTV Camera Security', 'Jogging Track', '24x7 Security', 'Club House']"
Emaar MGF Palm Terraces, sector 66,https://www.99acres.com/emaar-mgf-palm-terraces-sector-66-gurgaon-npxid-r816,"['Swimming Pool', 'Golf Course', 'School', 'Restaurant', 'Terrace Garden', 'Waiting Lounge', 'Jacuzzi', 'Squash Court', 'Property Staff']"
Optimal ultra luxury builder floors,dependent floor ,https://www.99acres.com/optimal-ultra-luxury-builder-floors-south-city-1-gurgaon-npxid-r411007,"['Visitors Parking', 'Piped Gas', 'Gated Community', 'Landscape Garden', 'Maintenance Staff']"
Salcon The Verandas, sector 54,https://www.99acres.com/salcon-the-verandas-sector-54-gurgaon-npxid-r26644,"['Concierge Service', 'Swimming Pool', 'Bar/Chill-Out Lounge', 'Salon', 'Restaurant', 'Spa', 'Grocery Shop', 'Squash Court', 'Lawn Tennis Court']"
BPTP Park Generations, sector 37d,https://www.99acres.com/bptp-park-generations-sector-37d-gurgaon-npxid-r1243,"['Doctor on Call', 'Manicured Garden', 'Automated Car Wash', 'Clinic', 'Car wash area', 'Swimming Pool', 'Medical Centre', 'School', 'Volley Ball Court']"
Zara Aavaas, sector 104,https://www.99acres.com/zara-aavaas-sector-104-gurgaon-npxid-r170643,"['Swimming Pool', 'Reading Lounge', 'Card Room', 'Sauna', 'Steam Room', 'Cafeteria', 'Billiards', 'Shopping Centre', 'Basketball Court']"
Yashika 104, sector 104,https://www.99acres.com/yashika-104-sector-104-gurgaon-npxid-r393813,"['Wi-Fi Connectivity', 'Library', 'Cricket Pitch', 'Multipurpose Court', 'Community Hall', 'Yoga/Meditation Area', 'Gated Community', 'Gymnasium', ""Children's Play Area""]"
Breez Global Heights 89, sector 89,https://www.99acres.com/breez-global-heights-89-sector-89-gurgaon-npxid-r389823,"['Foosball', 'Flower Garden', 'Aerobics Centre', 'Card Room', 'Skating Rink', 'Pool Table', 'Fountain', 'Multipurpose Court', 'Power Back up Lift']"
Zara Rossa, sector 112,https://www.99acres.com/zara-rossa-sector-112-gurgaon-npxid-r268975,"['Multipurpose Court', 'Power Back up Lift', 'Community Hall', 'Basketball Court', 'Badminton Court', 'Rain Water Harvesting', '24x7 Security', 'Club House', '24/7 Power Backup']"
Alpha Corp GurgaonOne 84, sector 84,https://www.99acres.com/alpha-corp-gurgaonone-84-sector-84-gurgaon-npxid-r5096,"['Swimming Pool', 'Medical Centre', 'Flower Garden', 'Aerobics Centre', 'Squash Court', 'Gazebo', 'Property Staff', 'Billiards', 'Sun Deck']"
Krrish Florence Estate, sector 70,https://www.99acres.com/krrish-florence-estate-sector-70-gurgaon-npxid-r37698,"['Infinity Pool', 'Swimming Pool', 'Laundry', 'School', 'Property Staff', 'Shopping Centre', 'Lawn Tennis Court', 'Video Door Security', 'Multipurpose Court']"
Tulip Purple, sector 69,https://www.99acres.com/tulip-purple-sector-69-gurgaon-npxid-r37138,"['Bus Shelter', 'Swimming Pool', 'Lawn Tennis Court', '24/7 Power Backup', 'Gated Community', 'Gymnasium', '24/7 Water Supply', 'Landscape Garden', ""Children's Play Area""]"
Tulip Ivory, sector 70,https://www.99acres.com/tulip-ivory-sector-70-gurgaon-npxid-r35152,"['Bus Shelter', 'Swimming Pool', 'Business Lounge', 'High Speed Elevators', 'Billiards', 'Fountain', 'Sun Deck', 'Lawn Tennis Court', 'Multipurpose Court']"
Shree Vardhman City, sohna,https://www.99acres.com/shree-vardhman-city-sohna-gurgaon-npxid-r27370,"['Swimming Pool', 'Vastu Compliant', 'Rain Water Harvesting', 'Club House', '24/7 Power Backup', 'Gymnasium', ""Children's Play Area"", 'Lift(s)', 'Car Parking']"
Signature Global Prime, sector 63a,https://www.99acres.com/signature-global-prime-sector-63a-gurgaon-npxid-r344079,"['Swimming Pool', 'Volley Ball Court', 'Water Softener Plant', 'Creche/Day care', 'Gazebo', 'Fountain', 'Sun Deck', 'Lawn Tennis Court', 'Power Back up Lift']"
Antriksh Heights, sector 84,https://www.99acres.com/antriksh-heights-sector-84-gurgaon-npxid-r2190,"['Food Court', 'Swimming Pool', 'School', 'Sauna', 'Spa', 'Grocery Shop', 'Squash Court', 'Fountain', 'Lawn Tennis Court']"
BPTP Pedestal, sector 70a,https://www.99acres.com/bptp-pedestal-sector-70a-gurgaon-npxid-r25372,"['Manicured Garden', 'Swimming Pool', 'Business Lounge', 'Golf Course', 'Restaurant', 'Spa', 'Squash Court', 'Theatre', 'Billiards']"
Vatika Express City, sector 88a,https://www.99acres.com/vatika-express-city-sector-88a-gurgaon-npxid-r37160,"['Swimming Pool', 'ATM', 'Cafeteria', 'Library', 'Community Hall', 'Vastu Compliant', 'Badminton Court', 'Sewage Treatment Plant', 'Club House']"
Pegasus Atulyam 83, sector 83,https://www.99acres.com/pegasus-atulyam-83-sector-83-gurgaon-npxid-r403827,"['Badminton Court', '24x7 Security', ""Children's Play Area""]"
DLF The Summit, sector 54,https://www.99acres.com/dlf-the-summit-sector-54-gurgaon-npxid-r26556,"['Swimming Pool', 'Property Staff', 'Multipurpose Court', 'Power Back up Lift', 'Party Lawn', 'Community Hall', 'Basketball Court', 'Multipurpose Hall', 'Rain Water Harvesting']"
The Close South, nirvana country,https://www.99acres.com/the-close-south-nirvana-country-gurgaon-npxid-r11694,"['Swimming Pool', 'Business Lounge', 'Laundry', 'Conference room', 'RO System', 'ATM', 'Jacuzzi', 'Piped Gas', 'Steam Room']"
Emaar Mgf Palm Terraces Select, sector 66,https://www.99acres.com/emaar-mgf-palm-terraces-select-sector-66-gurgaon-npxid-r904,"['Bowling Alley', 'Swimming Pool', 'Bar/Chill-Out Lounge', 'Changing Area', 'Aerobics Centre', 'Jacuzzi', 'Billiards', 'Lawn Tennis Court', 'Party Lawn']"
Unitech Fresco, nirvana country,https://www.99acres.com/unitech-fresco-nirvana-country-gurgaon-npxid-r4,"['Swimming Pool', 'School', 'ATM', 'Piped Gas', 'Creche/Day care', 'Grocery Shop', 'Squash Court', 'Theatre', 'Wi-Fi Connectivity']"
Unitech Escape, nirvana country,https://www.99acres.com/unitech-escape-nirvana-country-gurgaon-npxid-r10624,"['Swimming Pool', 'Business Lounge', 'Jacuzzi', 'Squash Court', 'Wi-Fi Connectivity', 'Property Staff', 'Banquet Hall', 'Lawn Tennis Court', 'Video Door Security']"
Unitech Harmony, nirvana country,https://www.99acres.com/unitech-harmony-nirvana-country-gurgaon-npxid-r7,"['Swimming Pool', 'Creche/Day care', 'Squash Court', 'Property Staff', 'Shopping Centre', 'Lawn Tennis Court', 'Video Door Security', 'Toddler Pool', 'Party Lawn']"
Vatika The Seven Lamps, sector 82,https://www.99acres.com/vatika-the-seven-lamps-sector-82-gurgaon-npxid-r1135,"['Valet Parking', 'Swimming Pool', 'School', 'Visitors Parking', 'Skating Rink', 'Theatre', 'Property Staff', 'Shopping Centre', 'Sun Deck']"
BPTP Freedom Park Life, sector 57,https://www.99acres.com/bptp-freedom-park-life-sector-57-gurgaon-npxid-r375,"['Swimming Pool', 'School', 'Jacuzzi', 'Shopping Centre', 'Multipurpose Court', 'Community Hall', '24x7 Security', 'Club House', '24/7 Power Backup']"
DLF New Town Heights, sector 91,https://www.99acres.com/dlf-new-town-heights-sector-91-gurgaon-npxid-r23702,"['Swimming Pool', 'Sauna', 'Piped Gas', 'Grocery Shop', 'Squash Court', 'Fountain', 'Lawn Tennis Court', 'Video Door Security', 'Earthquake Resistant']"
La Lagune, sector 54,https://www.99acres.com/la-lagune-sector-54-gurgaon-npxid-r12072,"['Swimming Pool', 'Bar/Chill-Out Lounge', 'Changing Area', 'RO System', 'Aerobics Centre', 'Card Room', 'Restaurant', 'High Speed Elevators', 'Waiting Lounge']"
M3M My Den, sector 67,https://www.99acres.com/m3m-my-den-sector-67-gurgaon-npxid-r324825,"['Food Court', 'Concierge Service', 'Infinity Pool', 'Swimming Pool', 'Football', 'Bar/Chill-Out Lounge', 'Business Lounge', 'Laundry', 'Reading Lounge']"
Suncity Avenue 102, sector 102,https://www.99acres.com/suncity-avenue-102-sector-102-gurgaon-npxid-r256209,"['Creche/Day care', 'Property Staff', 'Multipurpose Court', 'Community Hall', 'Multipurpose Hall', 'Gated Community', 'Landscape Garden', 'Lift(s)', 'Car Parking']"
DLF Princeton Estate, dlf phase 5,https://www.99acres.com/dlf-princeton-estate-dlf-phase-5-gurgaon-npxid-r11712,"['Swimming Pool', 'Medical Centre', 'Laundry', 'Salon', 'Grocery Shop', 'Property Staff', 'Shopping Centre', 'Table Tennis', 'Badminton Court']"
Pyramid Urban Homes 2, sector 86,https://www.99acres.com/pyramid-urban-homes-2-sector-86-gurgaon-npxid-r181113,"['Shopping Centre', 'Community Hall', '24x7 Security', 'Gated Community', 'Landscape Garden', 'Lift(s)', 'Car Parking']"
Satya The Hermitage, sector 103,https://www.99acres.com/satya-the-hermitage-sector-103-gurgaon-npxid-r7086,"['Bus Shelter', 'Swimming Pool', 'Business Lounge', 'Reading Lounge', 'Barbecue', 'Skating Rink', 'Fountain', 'Lawn Tennis Court', 'Amphitheatre']"
BPTP Spacio, sector 37d,https://www.99acres.com/bptp-spacio-sector-37d-gurgaon-npxid-r937,"['Swimming Pool', 'Card Room', 'Piped Gas', 'Pool Table', 'Sun Deck', 'Lawn Tennis Court', 'Multipurpose Court', 'Earthquake Resistant', 'Toddler Pool']"
SS The Coralwood, sector 84,https://www.99acres.com/ss-the-coralwood-sector-84-gurgaon-npxid-r2722,"['Swimming Pool', 'School', 'Solar Lighting', 'Aerobics Centre', 'Card Room', 'Solar Water Heating', 'Grocery Shop', 'Billiards', 'Fountain']"
